<?xml version="1.0" encoding="UTF-8"?>
<GenRun Id="synth_1" LaunchPart="xc7a100tcsg324-1" LaunchTime="1732575908" LaunchIncrCheckpoint="$PSRCDIR/utils_1/imports/synth_1/Top_Level.dcp">
  <File Type="PA-TCL" Name="Top_Level.tcl"/>
  <File Type="RDS-PROPCONSTRS" Name="Top_Level_drc_synth.rpt"/>
  <File Type="REPORTS-TCL" Name="Top_Level_reports.tcl"/>
  <File Type="RDS-RDS" Name="Top_Level.vds"/>
  <File Type="RDS-UTIL" Name="Top_Level_utilization_synth.rpt"/>
  <File Type="RDS-UTIL-PB" Name="Top_Level_utilization_synth.pb"/>
  <File Type="RDS-DCP" Name="Top_Level.dcp"/>
  <File Type="VDS-TIMINGSUMMARY" Name="Top_Level_timing_summary_synth.rpt"/>
  <File Type="VDS-TIMING-PB" Name="Top_Level_timing_summary_synth.pb"/>
  <FileSet Name="sources" Type="DesignSrcs" RelSrcDir="$PSRCDIR/sources_1" RelGenDir="$PGENDIR/sources_1">
    <Filter Type="Srcs"/>
    <File Path="$PSRCDIR/sources_1/imports/sources_1/imports/Memory Lab8 To Students/Controller.vhd">
      <FileInfo>
        <Attr Name="ImportPath" Val="$PPRDIR/../lab8_memory/lab8_memory.srcs/sources_1/imports/Memory Lab8 To Students/Controller.vhd"/>
        <Attr Name="ImportTime" Val="1729727874"/>
        <Attr Name="UsedIn" Val="synthesis"/>
        <Attr Name="UsedIn" Val="simulation"/>
      </FileInfo>
    </File>
    <File Path="$PSRCDIR/sources_1/imports/sources_1/imports/Memory Lab8 To Students/Counter.vhd">
      <FileInfo>
        <Attr Name="ImportPath" Val="$PPRDIR/../lab8_memory/lab8_memory.srcs/sources_1/imports/Memory Lab8 To Students/Counter.vhd"/>
        <Attr Name="ImportTime" Val="1729106757"/>
        <Attr Name="UsedIn" Val="synthesis"/>
        <Attr Name="UsedIn" Val="simulation"/>
      </FileInfo>
    </File>
    <File Path="$PSRCDIR/sources_1/imports/Downloads/Single_port_RAM_VHDL.vhd">
      <FileInfo>
        <Attr Name="ImportPath" Val="$PPRDIR/../../Users/socce/Downloads/Single_port_RAM_VHDL.vhd"/>
        <Attr Name="ImportTime" Val="1732149718"/>
        <Attr Name="UsedIn" Val="synthesis"/>
        <Attr Name="UsedIn" Val="simulation"/>
      </FileInfo>
    </File>
    <File Path="$PSRCDIR/sources_1/imports/sources_1/new/data_path.vhd">
      <FileInfo>
        <Attr Name="ImportPath" Val="$PPRDIR/../lab8_memory/lab8_memory.srcs/sources_1/new/data_path.vhd"/>
        <Attr Name="ImportTime" Val="1729715457"/>
        <Attr Name="UsedIn" Val="synthesis"/>
        <Attr Name="UsedIn" Val="simulation"/>
      </FileInfo>
    </File>
    <File Path="$PSRCDIR/sources_1/imports/sources_1/new/Top_Level.vhd">
      <FileInfo>
        <Attr Name="ImportPath" Val="$PPRDIR/../lab8_memory/lab8_memory.srcs/sources_1/new/Top_Level.vhd"/>
        <Attr Name="ImportTime" Val="1729716924"/>
        <Attr Name="UsedIn" Val="synthesis"/>
        <Attr Name="UsedIn" Val="simulation"/>
      </FileInfo>
    </File>
    <Config>
      <Option Name="DesignMode" Val="RTL"/>
      <Option Name="TopModule" Val="Top_Level"/>
      <Option Name="TopAutoSet" Val="TRUE"/>
    </Config>
  </FileSet>
  <FileSet Name="constrs_in" Type="Constrs" RelSrcDir="$PSRCDIR/constrs_1" RelGenDir="$PGENDIR/constrs_1">
    <Filter Type="Constrs"/>
    <File Path="$PSRCDIR/constrs_1/imports/Downloads/Nexys-A7-100T-Master.xdc">
      <FileInfo>
        <Attr Name="ImportPath" Val="$PPRDIR/../../Users/socce/Downloads/Nexys-A7-100T-Master.xdc"/>
        <Attr Name="ImportTime" Val="1724190131"/>
        <Attr Name="UsedIn" Val="synthesis"/>
        <Attr Name="UsedIn" Val="implementation"/>
      </FileInfo>
    </File>
    <Config>
      <Option Name="ConstrsType" Val="XDC"/>
    </Config>
  </FileSet>
  <FileSet Name="utils" Type="Utils" RelSrcDir="$PSRCDIR/utils_1" RelGenDir="$PGENDIR/utils_1">
    <Filter Type="Utils"/>
    <File Path="$PSRCDIR/utils_1/imports/synth_1/Top_Level.dcp">
      <FileInfo>
        <Attr Name="UsedIn" Val="synthesis"/>
        <Attr Name="UsedIn" Val="implementation"/>
        <Attr Name="UsedInSteps" Val="synth_1"/>
        <Attr Name="AutoDcp" Val="1"/>
      </FileInfo>
    </File>
    <Config>
      <Option Name="TopAutoSet" Val="TRUE"/>
    </Config>
  </FileSet>
  <Strategy Version="1" Minor="2">
    <StratHandle Name="Vivado Synthesis Defaults" Flow="Vivado Synthesis 2024"/>
    <Step Id="synth_design"/>
  </Strategy>
</GenRun>
